underlying,factor,alpha,beta,alpha_se,beta_se,alpha_t,beta_t,alpha_p,beta_p,r2,n
159915.SZ,CIV,-0.0229800247964855,0.09219476249547667,0.0594815120803931,0.21002408527877175,-0.38633894789739903,0.438972332021366,0.6992456590978793,0.6606815843392239,0.003705369464303332,26.0
159915.SZ,PIV,-0.039555962218781125,0.1618195793006364,0.05192179791143795,0.17911905071611653,-0.7618372978195207,0.9034191430430376,0.4461571166551539,0.36630348391108813,0.014971384569106516,26.0
159915.SZ,dCIV,-0.0035972136823064875,-0.09766682745263036,0.01492025650816219,0.23820574303863695,-0.24109596777633258,-0.41001038097049075,0.8094807378653067,0.6817983324616224,0.0023874202106582976,24.0
159915.SZ,dPIV,-0.0018163712857491915,0.103911223176198,0.015688952158377987,0.26233422527191474,-0.11577390684942838,0.3961024264694853,0.9078317307464316,0.692029468336242,0.0024928844517055904,24.0
159915.SZ,IVS_ATM,0.001255893257456417,0.3930174965003395,0.013750195685708226,0.3568422145263058,0.09133639158035954,1.101376127883454,0.9272253025248162,0.27073299075035784,0.020705983402904415,26.0
159915.SZ,IVS_OTM,-0.00845662108105705,1.3770590857052696,0.014432421887504137,0.6222299444221744,-0.585946083545337,2.213103207342516,0.5579117475471189,0.026890531042063896,0.08713261526213667,26.0
159915.SZ,dIVS_ATM,-0.004214774215926349,0.44312174931841664,0.014443089433045267,0.5635998436711893,-0.29181943624077394,0.7862346916776985,0.7704246837747113,0.43173000540614526,0.01880847513677686,24.0
159915.SZ,dIVS_OTM,-0.0043655303395788115,1.1541372072698126,0.013527182841454913,0.6276285886143433,-0.32272280124730524,1.8388856534051081,0.7469051824616795,0.06593200638622311,0.06676208978894427,24.0
159915.SZ,SKEW,0.0057275575929376255,0.4015885476957635,0.014268521404289771,0.16173550635325687,0.4014121316884074,2.482995581802726,0.6881167189488864,0.013028270351586416,0.11498581920890794,26.0
159915.SZ,AVAR,-0.0037665013020586873,0.006312021961283556,0.013598671827417632,0.2696018175206347,-0.2769756745261453,0.02341238653111249,0.7817987846171655,0.9813213246918888,3.97580271593867e-06,27.0
159915.SZ,VARQ,-0.012363696716304355,0.13092066351275372,0.02428780984738718,0.21519284103505584,-0.5090494694248608,0.60838763447259,0.6107175494131939,0.5429304107905901,0.004963742941357485,27.0
159915.SZ,VAR_PLUS,-0.009090618057428357,0.17931210725670466,0.018223583865362117,0.23680762471992278,-0.49883810586275806,0.7572058014127744,0.6178934402357701,0.44892657509191103,0.00334275883317825,27.0
159915.SZ,VAR_MINUS,-0.011386349327144454,0.21241394576645894,0.026171899560991595,0.4595927106765891,-0.43506010332224626,0.46217866565758603,0.6635188016609636,0.6439532011826932,0.004093642301659761,27.0
159915.SZ,VRP,-0.003948778017216441,-0.003570835804641171,0.013429170024610951,0.017105303549940828,-0.2940448300214919,-0.20875606178023795,0.7687236473592356,0.834638673177854,0.00010276456309898929,27.0
159915.SZ,KT,-0.014908762822906369,2.399102172565317,0.024141510224660687,3.149239205394895,-0.6175571736882055,0.7618037297565285,0.5368672823442358,0.4461771540147027,0.008866920898657815,27.0
159915.SZ,TSCALL,-0.004900829736054518,0.403819608841513,0.016059158092208828,0.4553429583195836,-0.3051735158166341,0.8868471587477393,0.7602340022142631,0.3751611939519277,0.012255668693072486,25.0
159915.SZ,TSPUT,-0.005273857920284672,-0.41695871183754935,0.01278245662238227,0.5657833670632195,-0.4125856301401461,-0.7369582354494334,0.6799102312248956,0.4611477477978707,0.010413956541667768,25.0
159915.SZ,dTSCALL,-0.007946053886778168,-0.6843043024226246,0.012863079548927469,0.4429014970584443,-0.6177411759410844,-1.5450485197441663,0.5367459648053656,0.12233452773749412,0.03957005067232122,23.0
159915.SZ,dTSPUT,-0.004777912603452594,-0.14960143214906596,0.01573959216464645,0.46649863335728475,-0.303560127446283,-0.32068996874099803,0.7614630325495986,0.7484453499015711,0.0015455816293247215,23.0
159915.SZ,VOV,-0.010311866019715545,0.35149841003294463,0.017215073140969896,0.35263408033544463,-0.5990021613776644,0.9967794652705726,0.5491714432582581,0.31887156778480386,0.005699389431783608,27.0
159915.SZ,O_S,0.17280898608301626,0.027014196623050636,0.11568047796401562,0.018363363690445816,1.4938474418887813,1.4710919567043004,0.1352154982892955,0.14126624995317177,0.018625030155015154,27.0
159915.SZ,betaVIX,-0.41482504393306996,-1.1239803735740068,0.17438924525138588,0.43047534794782183,-2.378730657014374,-2.6110214648348347,0.017372364442359213,0.009027222755149951,0.1174382647224902,12.0
159915.SZ,betaSkew,-0.05809780180263388,-1.5472588717287759,0.030687817218491266,0.6067001233071696,-1.893187820723412,-2.5502860676779613,0.058332896490651966,0.01076345601369557,0.07696950433993732,12.0
159915.SZ,betaVRP,-0.0014302218253588448,-0.0068304209877509525,0.02206040108147678,0.03751542992896642,-0.06483208623798521,-0.1820696444285461,0.9483076940583339,0.8555280707745762,0.0002802195364752791,15.0
159915.SZ,betaIVSOTM,-0.06319827393328213,-0.45913225809401326,0.024224429396728406,0.169223485125165,-2.608865327569585,-2.713171033881138,0.009084298606239114,0.006664270029875838,0.12295107105851488,12.0
159915.SZ,betaTSCALL,,,,,,,,,,
159915.SZ,betaTSPUT,,,,,,,,,,
159915.SZ,betaJump,-0.001957887050888354,-0.00019878153591131194,0.025461761374880123,0.0007104119388309925,-0.07689519283689274,-0.2798116487715759,0.9387069217863773,0.7796220141308234,0.0009727774876957529,47.0
159915.SZ,betaVol,-0.007706196520273419,-0.0020285853548535513,0.01075291883787476,0.03551091186834048,-0.7166609026313916,-0.05712569033357105,0.47358335571530563,0.9544450719080558,5.879055237500985e-05,46.0
510050.SH,CIV,0.007301155555344758,-0.04587055530427819,0.04369162018300992,0.20297241677163907,0.16710654182112275,-0.22599403423316577,0.8672862187650502,0.8212060603027159,0.0010057403012132538,58.0
510050.SH,PIV,-0.024363331464938118,0.12825947560002018,0.024161493550464177,0.11807631083135636,-1.0083537018956372,1.0862422334926098,0.31328469083282884,0.2773718367279029,0.01736065428214706,58.0
510050.SH,dCIV,-0.000543053312763955,0.1552837317623766,0.006399715413044408,0.10138536595560814,-0.08485585338014572,1.5316187923054694,0.9323759890422753,0.1256165323984884,0.016834187946200063,56.0
510050.SH,dPIV,-0.0011696938957169358,0.06060791738570823,0.006339552823269088,0.11237526024775003,-0.18450731910042908,0.5393350569519301,0.8536154859166583,0.5896556834022146,0.0027254541432738533,56.0
510050.SH,IVS_ATM,0.0039207075049118795,0.39622052931267376,0.005639980639350819,0.14223675514263467,0.6951632914405121,2.785640947133143,0.48695297431258266,0.005342200923137608,0.0625608201156872,58.0
510050.SH,IVS_OTM,0.0018128445076558656,0.3068171138461672,0.005524864891490695,0.12049478956487401,0.3281246769396983,2.546310217679395,0.7428173964788727,0.010886839143932943,0.0479770390365829,58.0
510050.SH,dIVS_ATM,-0.001109507865503135,-0.01160404060141949,0.00650603594828257,0.12248234058597579,-0.17053515755565676,-0.09474051970189204,0.8645892875606356,0.9245209326411841,6.161716720676225e-05,56.0
510050.SH,dIVS_OTM,-0.0009607813626284745,-0.06474303841778936,0.0064648380167182705,0.11233906656025161,-0.14861646342009874,-0.576318109097562,0.881856281352992,0.5644001847349964,0.0021271441368374555,56.0
510050.SH,SKEW,0.005127073273031017,0.06473370882457823,0.005809954196323839,0.025369915152212905,0.8824636304835407,2.551593430099895,0.37752613910263233,0.010723156910862135,0.05339304961395164,58.0
510050.SH,AVAR,-0.002439419706031171,0.15647878461936632,0.005708086462167444,0.5329872261860515,-0.4273620804799245,0.29358824551780865,0.6691156220935811,0.7690725588756788,0.001766450824057686,59.0
510050.SH,VARQ,-0.009021690749729349,0.14471239606580888,0.020115923833693483,0.4149388315260022,-0.4484850322717133,0.34875597334095365,0.6538031860238739,0.7272725186805954,0.00271674274673539,59.0
510050.SH,VAR_PLUS,-0.004815313694737471,0.08500458779093654,0.012577734785329064,0.4148523014344875,-0.3828442702062819,0.20490325712791127,0.7018352347264609,0.8376477103929654,0.00031811425865824194,59.0
510050.SH,VAR_MINUS,-0.008103673467997658,0.2641163984275045,0.017336908782708577,0.7700725637427819,-0.467423204999502,0.34297598805990465,0.6401971236476878,0.7316165244888668,0.003969953323793907,59.0
510050.SH,VRP,-0.002862543106465203,0.19628245302308836,0.00588154992728023,0.13619055504145872,-0.48669876849773025,1.4412339604852675,0.6264718180800779,0.14951859712794147,0.009812235635389466,58.0
510050.SH,KT,-0.004955252558970531,0.6953338587287163,0.018629790456610767,5.427964727664269,-0.2659854156981225,0.12810213286480374,0.7902504411515304,0.8980681481749587,0.0002937792462103239,59.0
510050.SH,TSCALL,0.004396180125235956,0.25280619414852706,0.00674723093415335,0.22393171645815635,0.6515532324502531,1.1289432249574445,0.5146894260128467,0.25892178484423056,0.013606127642005195,35.0
510050.SH,TSPUT,-0.0002581982797256385,-0.19773479001416724,0.005163173897564755,0.4110932113090227,-0.05000766676625387,-0.4809974589084812,0.9601162787717169,0.6305183047367049,0.009662382277681902,35.0
510050.SH,dTSCALL,-0.001526397364229722,-0.194916188803382,0.009235138460159132,0.18901787582612462,-0.16528148124845987,-1.0312050537626567,0.8687224341726263,0.30244467122548946,0.009485728801610582,21.0
510050.SH,dTSPUT,-0.0008744985801787219,0.02205386861549268,0.008907348916208549,0.4075523840631487,-0.09817720046729189,0.05411296676913934,0.9217915863799514,0.9568451613972093,6.459435671035685e-05,21.0
510050.SH,VOV,-0.009961859621141617,0.4521371881869178,0.010380469846788977,0.5091942335357076,-0.9596732872571418,0.8879464031778187,0.3372196715456457,0.37456958228343973,0.009505403582386718,59.0
510050.SH,O_S,0.02960330555587892,0.004292775451264792,0.08079642503462069,0.010917020243086157,0.3663937549612389,0.39321860321578533,0.7140712790703694,0.6941580307446824,0.0017312129586009029,59.0
510050.SH,betaVIX,,,,,,,,,,
510050.SH,betaSkew,,,,,,,,,,
510050.SH,betaVRP,,,,,,,,,,
510050.SH,betaIVSOTM,,,,,,,,,,
510050.SH,betaTSCALL,,,,,,,,,,
510050.SH,betaTSPUT,,,,,,,,,,
510050.SH,betaJump,-0.026221281642031448,0.00041656901739011554,0.01592335535967808,0.0003557713549173842,-1.646718361158371,1.1708897066399555,0.09961594839510485,0.24164311312769782,0.0108773061458306,47.0
510050.SH,betaVol,-0.00889321100551103,0.00312137109234074,0.006078329425066941,0.014086639844640196,-1.463101188434368,0.22158379335071776,0.14343969273493928,0.8246378999179851,0.0004268417857339335,46.0
510300.SH,CIV,0.017778170575493194,-0.09678492180851594,0.035465390019264686,0.15397443591044013,0.5012822519599008,-0.6285778625278504,0.6161724941545508,0.5296254569915062,0.008538594732027338,59.0
510300.SH,PIV,-0.003629388651726224,0.010741678681741088,0.028487395694359898,0.14413612071943138,-0.12740331515965117,0.07452454407768012,0.898621192505779,0.94059301211659,0.0001412856583701272,59.0
510300.SH,dCIV,-0.0013640724780528038,-0.0286062660706499,0.006443557301908251,0.10546941568126836,-0.21169556102943873,-0.27122807010801,0.83234455140432,0.7862156250274854,0.0012141864264222368,58.0
510300.SH,dPIV,-0.001284813863571226,-0.1453649374467427,0.006464123436267871,0.07807759742887016,-0.19876072544694884,-1.8618008524042033,0.8424499195159696,0.06263116632134019,0.02588615730602528,58.0
510300.SH,IVS_ATM,0.0009899622031515017,0.26498606112899076,0.006942594623392186,0.1964700369182949,0.14259254023214182,1.3487352335521232,0.8866119893080525,0.17742202421493158,0.027642226829992733,58.0
510300.SH,IVS_OTM,-0.0005650824637755826,0.22820499654258666,0.006298207851422071,0.1638365618095437,-0.08972115196991994,1.392881991797837,0.928508806889001,0.16365547889401,0.027546619988646492,59.0
510300.SH,dIVS_ATM,-0.000167274379662582,-0.22589185381305632,0.006980708458854028,0.19436428928894403,-0.023962378696737924,-1.1622086271066137,0.9808826175347266,0.24515073118921915,0.021615909889077467,56.0
510300.SH,dIVS_OTM,-0.0014108913609485578,-0.19485942519346885,0.0062762981524536144,0.17423375028964236,-0.22479673952343918,-1.1183793316136446,0.8221374026528044,0.26340501781971115,0.021593621590457412,58.0
510300.SH,SKEW,0.0011753897634168963,0.031254965697564516,0.007474437807853016,0.03936990184137948,0.15725460477869965,0.7938796958013796,0.8750441951904421,0.4272654710281386,0.013143113400233886,58.0
510300.SH,AVAR,-0.0010562963379192015,-0.2863856096375793,0.006653315000130985,0.45158675963552153,-0.15876241210560538,-0.634176276267982,0.8738560639284363,0.5259657881712032,0.005937125204720783,59.0
510300.SH,VARQ,-0.001087509252578002,-0.013184814028441308,0.018653497433838317,0.34634181775392014,-0.05830055497288189,-0.038068790289162456,0.9535092254643711,0.9696328350054952,2.9703465578956312e-05,59.0
510300.SH,VAR_PLUS,-0.006973141852418758,0.256031174033035,0.016432315802183614,0.6037052493938256,-0.4243553943560487,0.42409963188180544,0.6713066461136543,0.6714931539642348,0.0023655197769131275,59.0
510300.SH,VAR_MINUS,0.001408568262856547,-0.13434367637600017,0.014674659874035488,0.493325009537643,0.095986433412933,-0.27232285770776254,0.92353134737619,0.7853737822259325,0.0015438830216079058,59.0
510300.SH,VRP,-0.0015518111403713506,0.1350234894901317,0.006549772609219963,0.10916030666472507,-0.2369259565113607,1.2369284551832822,0.8127142328195197,0.21611364491534146,0.009141893506396381,58.0
510300.SH,KT,0.0011094151700384361,-0.9078299678051399,0.018164598034779423,4.721968158220771,0.06107567962221125,-0.19225668987721606,0.9512989378334391,0.8475411419514649,0.0006380187674461801,59.0
510300.SH,TSCALL,0.007085315885292796,0.10391344614576498,0.005548096342580447,0.2194754569649004,1.27707153008763,0.47346271689222785,0.20157699497646042,0.6358830942157699,0.0031555619970432547,33.0
510300.SH,TSPUT,0.005897459472418066,-0.41625839231339945,0.007648415714862008,0.27348186677100683,0.7710694204236868,-1.5220694418542307,0.440665784944116,0.1279916818517644,0.04004492874306709,33.0
510300.SH,dTSCALL,0.005423428332451703,0.04072981582861164,0.013870040092672904,0.24645952046252895,0.39101749499027955,0.16525965705108192,0.6957843041886439,0.8687396111642587,0.0004387144321231773,19.0
510300.SH,dTSPUT,0.004660141534004416,-0.052672933264763876,0.01178501257768514,0.4114217921094038,0.39542949176213604,-0.12802660013390169,0.6925259475374914,0.8981279223965132,0.0008054999294115905,19.0
510300.SH,VOV,-0.0076243363824790395,0.3938731748684057,0.01164724635064943,0.5649126553346496,-0.65460420024978,0.697228449653121,0.5127226190993269,0.4856598373111173,0.005648861210449607,59.0
510300.SH,O_S,0.0018242146668327416,0.0004715257581296036,0.05580094987855277,0.007595332445313018,0.032691462614938084,0.06208099007181392,0.9739206321001832,0.950498335518858,4.195770248771602e-05,59.0
510300.SH,betaVIX,,,,,,,,,,
510300.SH,betaSkew,,,,,,,,,,
510300.SH,betaVRP,,,,,,,,,,
510300.SH,betaIVSOTM,,,,,,,,,,
510300.SH,betaTSCALL,,,,,,,,,,
510300.SH,betaTSPUT,,,,,,,,,,
510300.SH,betaJump,-0.017420247627428442,0.00020375192123224536,0.012556825256938386,0.00028247243802139604,-1.3873130565230036,0.7213161137399609,0.16534632350003053,0.47071504506076733,0.005384797669520713,47.0
510300.SH,betaVol,-0.00867311551655356,0.009264308617732244,0.005539317157399153,0.01183518213878582,-1.5657373048171526,0.7827770210119197,0.11741012905777146,0.4337580638034859,0.005816255051772412,46.0
510500.SH,CIV,-0.014347232569802467,0.07146489399338696,0.024397319773400906,0.10200956063255248,-0.588065931137423,0.7005705499586442,0.5564880396067757,0.48357106267147865,0.009363809743535012,27.0
510500.SH,PIV,-0.028061873085277404,0.128669577613646,0.037582825752328596,0.1580482207859398,-0.7466674610952775,0.8141159512824623,0.4552643158219577,0.4155785286160597,0.025463423313986988,27.0
510500.SH,dCIV,-0.0017447763585131315,0.033626210002442036,0.008797391336862347,0.04133282613782024,-0.19832883313969055,0.8135473216933861,0.8427877941405951,0.4159043264060681,0.0026442708683932503,26.0
510500.SH,dPIV,-0.002258771231755243,0.18004891620211763,0.008818439311584252,0.15002931087048754,-0.2561418355272947,1.20009160315043,0.7978413191289487,0.2301037662899128,0.049927444459932135,26.0
510500.SH,IVS_ATM,-0.01958086986976911,0.7195041827769304,0.016878334175144165,0.38472424061735244,-1.1601186270268797,1.8701815659506384,0.24600051128863565,0.0614586086884935,0.08722292230517392,26.0
510500.SH,IVS_OTM,-0.006414250963778251,0.020388253305086684,0.01136954091783084,0.07511084802127828,-0.5641609463508581,0.2714421930013473,0.5726446034723256,0.7860509543826903,0.00013289477638400715,26.0
510500.SH,dIVS_ATM,-0.002347865808405446,0.5965039353247646,0.009450064379777265,0.19209101671455026,-0.24844971568974483,3.105319267538561,0.8037864715410533,0.001900737394080337,0.12477496852011849,24.0
510500.SH,dIVS_OTM,-0.006574648258335706,0.12281851159623257,0.011725554387509569,0.14412860249247947,-0.5607110794982307,0.852145302683006,0.5749945129584371,0.3941334505241533,0.009483807588634652,24.0
510500.SH,SKEW,-0.010531101685780864,0.08100478205543221,0.01432545027501702,0.06010155824537936,-0.7351323332675037,1.3477983669692941,0.4622589044086661,0.17772324330664901,0.027919107782939157,27.0
510500.SH,AVAR,-0.000849196931200595,-0.10140477860363512,0.00832147304078316,0.2592700656111157,-0.1020488712802072,-0.39111641509642747,0.918717883859834,0.6957111876578188,0.0009617154397910666,27.0
510500.SH,VARQ,-0.005583887424470866,0.0915266782224221,0.014601341943294191,0.16309549408433843,-0.38242289278317465,0.5611845914951683,0.7021477124981998,0.5746717059482718,0.004683122920173699,27.0
510500.SH,VAR_PLUS,-0.004218617473859399,0.13339147404018525,0.012711648957573478,0.2416641759346723,-0.3318701993690588,0.5519704090367296,0.7399872737448876,0.5809686271599455,0.004045141739471125,27.0
510500.SH,VAR_MINUS,-0.00648316652314541,0.21064688536292256,0.01593427637174253,0.3827805216307227,-0.40686921526242037,0.550307221656745,0.6841040472830079,0.5821086718232287,0.00439017879600323,27.0
510500.SH,VRP,-0.0006917069595046039,0.08284640991416022,0.00912747817792121,0.07272439950924553,-0.07578292119917625,1.139183141740866,0.9395918039553997,0.25462677546861023,0.002961568663564229,27.0
510500.SH,KT,-0.006648475107280999,1.6209385488145807,0.015776469297687792,2.7767992343754715,-0.4214171740096121,0.5837435161851537,0.6734504805556776,0.5593928851694823,0.006328221405604406,27.0
510500.SH,TSCALL,-0.012114591455397368,-0.18472514884155783,0.010153615337692793,0.34604771287389696,-1.1931308260639868,-0.5338141012620228,0.2328181405134515,0.5934701566492697,0.021183641409938114,16.0
510500.SH,TSPUT,-0.024185446470072137,-0.504833782200818,0.0030427766366716087,0.22430165853607967,-7.948479089325395,-2.250691258796973,1.888152016841434e-15,0.02440509879328485,0.08508716340812517,16.0
510500.SH,dTSCALL,-0.008863049715646085,-0.4542480162752982,0.009053164876037363,0.2880093898138113,-0.9790001438177173,-1.5771986342839543,0.32757990844580054,0.1147498271520596,0.11175339262353223,13.0
510500.SH,dTSPUT,-0.010770678360141521,0.618867115779995,0.008679796882030823,0.34148679515264996,-1.240890599921676,1.8122724643081782,0.21464616576096796,0.06994410704111395,0.12077042131809212,13.0
510500.SH,VOV,-0.006054011872351338,0.2967944501297825,0.014265438510572265,0.46908355248900263,-0.42438315989127473,0.6327112697833094,0.6712864000676152,0.5269222090202557,0.004480296649059801,27.0
510500.SH,O_S,-0.22345430366184788,-0.030495036815455786,0.18717919440317338,0.02592308009534834,-1.1937988320461512,-1.1763662613891257,0.23255666866202518,0.23944854778712155,0.04306981523989151,27.0
510500.SH,betaVIX,,,,,,,,,,
510500.SH,betaSkew,,,,,,,,,,
510500.SH,betaVRP,,,,,,,,,,
510500.SH,betaIVSOTM,,,,,,,,,,
510500.SH,betaTSCALL,,,,,,,,,,
510500.SH,betaTSPUT,,,,,,,,,,
510500.SH,betaJump,0.004756347992023362,-0.00033105340743807367,0.012513526428001536,0.00034480924276973857,0.3800965314925196,-0.9601059553358581,0.7038737603901546,0.3370018915244175,0.009218850570817505,47.0
510500.SH,betaVol,-0.0028938089357226134,0.012401293094994253,0.008593371064189278,0.020064807634090864,-0.336748979429253,0.6180618982822437,0.7363061373164126,0.5365345370711446,0.00619885969661893,46.0
588000.SH,CIV,-0.042026799254622035,0.13741819043035097,0.054203551919165774,0.1529708851391645,-0.7753513887299667,0.8983290533053755,0.4381320512994311,0.36901014778623875,0.01938889722326398,17.0
588000.SH,PIV,-0.1250949083589017,0.2925479187762318,0.08717052970505054,0.20105787226821842,-1.435059632907724,1.4550433438684878,0.1512701052871412,0.14565726241974547,0.15233905909346335,17.0
588000.SH,dCIV,-0.005050068050373425,0.1277261352513388,0.01950587451977428,0.2745992271668981,-0.25889985323415604,0.4651365430599278,0.7957125114277124,0.6418336781231955,0.006469317527600382,15.0
588000.SH,dPIV,-0.003117114355209872,0.3978009345774831,0.021355624700908116,0.1263949877829723,-0.14596221833198453,3.1472840937374107,0.8839512143353807,0.0016479476044856931,0.2259947478820541,15.0
588000.SH,IVS_ATM,-0.018780105969604766,0.3817920613721642,0.025409812535144353,0.209335501253331,-0.739088725807401,1.8238285388111588,0.45985312238026255,0.06817799791832518,0.05591352262264637,17.0
588000.SH,IVS_OTM,-0.01876573536801709,0.29698154675294874,0.029076865341016906,0.2855958689986944,-0.645383714782537,1.0398663951063887,0.5186785542047041,0.29840197700761406,0.015765947635246302,17.0
588000.SH,dIVS_ATM,-0.01118789736570107,0.4598546533898355,0.01739534778029924,0.13362901822893522,-0.6431545667843275,3.441278395101322,0.520123810412458,0.0005789725059962926,0.06557627411411526,15.0
588000.SH,dIVS_OTM,-0.008764797339456109,0.642971285426552,0.020269748449023343,0.2336031444779211,-0.432407800298993,2.752408521141813,0.6654450498487743,0.005915867184102431,0.05000867080516558,15.0
588000.SH,SKEW,-0.022986058347934026,0.07326326242211209,0.013898668168577212,0.07499669804632311,-1.653831724675752,0.976886507414762,0.09816170811104688,0.3286253422710138,0.018153194804186423,17.0
588000.SH,AVAR,-0.013733149212175954,0.45298742350936955,0.023888916042489005,0.30854924732353783,-0.5748753600937804,1.4681203322929421,0.5653755952193703,0.14207153957084845,0.08643146921338529,18.0
588000.SH,VARQ,-0.01908999266582736,0.15669277613581112,0.031045707583170594,0.1257869603780954,-0.6148995836118664,1.2456996787649357,0.5386210378349947,0.2128746716364771,0.021996846066989928,18.0
588000.SH,VAR_PLUS,0.002525906735103067,-0.10985427213867123,0.02253220994322778,0.19349871260744037,0.1121020415426338,-0.5677261138245275,0.9107424987142146,0.570220956842739,0.00276949417806982,18.0
588000.SH,VAR_MINUS,-0.02802212720425926,0.3859365175296846,0.03398056380927916,0.28669689805708454,-0.824651626192476,1.346148214874792,0.40956940245968365,0.17825472191945047,0.06390824051733823,18.0
588000.SH,VRP,-0.005149270068076967,-0.06432937349056522,0.019118478967764106,0.020272975416688495,-0.2693347141662897,-3.1731589551285095,0.787672120776053,0.0015078994308397233,0.019829672118878983,18.0
588000.SH,KT,-0.01820312625400881,2.0950469660147824,0.03142679176703484,1.8045574437633927,-0.5792231796661788,1.1609754919442052,0.5624385922484703,0.2456518662920376,0.020585512880709977,18.0
588000.SH,TSCALL,-0.029211956096134205,0.7044137745832556,0.030828554964532334,0.48441389399114604,-0.9475616398414394,1.4541568343127058,0.3433526624651121,0.14590282943363464,0.06236369503637185,15.0
588000.SH,TSPUT,-0.02552342716867807,0.15043907313687088,0.053186753423856016,0.3418133131962619,-0.47988315747112265,0.44012057848224295,0.6313104780015779,0.6598497782890427,0.016131113528976004,15.0
588000.SH,dTSCALL,-0.03610298323619286,0.0587826412758235,0.01314110849834542,0.2240233971372222,-2.747331645632371,0.26239509813261636,0.006008234597789786,0.7930168514503553,0.001389121798893278,11.0
588000.SH,dTSPUT,-0.03264884878035169,0.24733929145206068,0.00917005088735093,0.2708523199587064,-3.560378146361997,0.9131887498315301,0.0003703211267863519,0.3611432797731938,0.08190422954513954,11.0
588000.SH,VOV,-0.027884776965389886,0.47184276932097663,0.03358627166889331,0.3207353120188579,-0.8302432982228274,1.471128222056305,0.406401239415459,0.14125644400659595,0.032997472678082285,18.0
588000.SH,O_S,-0.0261416791033306,-0.005144176452190308,0.2135562476200557,0.047917615474401425,-0.12241121200930652,-0.10735460020831865,0.9025733593905143,0.9145076700729464,0.00020215932466605135,18.0
588000.SH,betaVIX,,,,,,,,,,
588000.SH,betaSkew,,,,,,,,,,
588000.SH,betaVRP,,,,,,,,,,
588000.SH,betaIVSOTM,,,,,,,,,,
588000.SH,betaTSCALL,,,,,,,,,,
588000.SH,betaTSPUT,,,,,,,,,,
588000.SH,betaJump,0.11270709992572686,-0.0033661220444618817,0.06570869019310663,0.00195767862654663,1.7152540949226034,-1.7194456734708106,0.08629865089262964,0.08553325175542045,0.07268955446175773,37.0
588000.SH,betaVol,-0.006172368608775925,-0.01962898601943485,0.022673600572972553,0.12663466086857372,-0.27222710345058865,-0.1550048453148744,0.7854474029750157,0.8768174974675396,0.0009820810280432024,36.0
AL.SHF,CIV,0.021547338883776107,-0.16361393069908223,0.014816539173997475,0.11512487173886801,1.4542761052858388,-1.4211866491386806,0.14586977241634716,0.15526250493483612,0.025951409145633653,52.0
AL.SHF,PIV,0.03158700165838235,-0.2713946766621609,0.015681399071534513,0.12935594143485715,2.014297417870087,-2.098045699731802,0.04397831691273939,0.035901108576580076,0.041645331766321125,52.0
AL.SHF,dCIV,0.004172049609546489,-0.33131030097692554,0.005945662785614228,0.16062848280806089,0.7016963053540359,-2.062587501201868,0.4828685776138524,0.03915183626238758,0.11798100881132445,51.0
AL.SHF,dPIV,0.004933459526652475,-0.27869759523712023,0.006620596507272308,0.2106236016661587,0.7451684332723466,-1.3232021152067266,0.4561699032933687,0.18576817278692326,0.04379301380066569,51.0
AL.SHF,IVS_ATM,0.004398633031396128,0.06759237523109884,0.006104526394280426,0.25964557724898496,0.7205527091368435,0.2603255404819844,0.4711847588701097,0.7946126731279017,0.0014144699574126784,52.0
AL.SHF,IVS_OTM,0.004243956718666607,0.02416697834386025,0.00608329816682575,0.214168944541541,0.697640753795419,0.11284072205516582,0.4854018881750797,0.9101568329711713,0.00026209653734088345,52.0
AL.SHF,dIVS_ATM,0.004228454206069088,0.3713175508779642,0.0058174963401023405,0.26593019755460845,0.7268512017653804,1.3962970519800204,0.4673171133103152,0.16262506119300257,0.05183235617620818,51.0
AL.SHF,dIVS_OTM,0.0043152455004857974,0.25754113470104495,0.005881352955850122,0.23236707833336126,0.7337164650513733,1.1083374484382345,0.4631215614524308,0.26771610822136005,0.036221490150942226,51.0
AL.SHF,SKEW,0.00409806035282262,-0.0021498573547349513,0.005982772669067526,0.01891505737210394,0.6849767790794803,-0.11365851619914069,0.4933585741577037,0.9095084986254355,0.00017593367007939786,52.0
AL.SHF,AVAR,0.0036835075559910222,1.962425812323787,0.005873796438416678,1.5270460794821548,0.6271084799431588,1.2851123739430812,0.5305881288939454,0.19875301814687618,0.022272645009839387,52.0
AL.SHF,VARQ,0.020095481307482493,-0.9255015161459296,0.010153443219307551,0.37841721709591425,1.9791789714517134,-2.445717251578832,0.047795859627463425,0.014456432315348187,0.039866216857252,52.0
AL.SHF,VAR_PLUS,0.018090302124193474,-1.6453380879126032,0.00896291232562111,0.6263577034971979,2.0183508961123144,-2.626834600622045,0.04355472953749367,0.00861832140858065,0.045440444554529,52.0
AL.SHF,VAR_MINUS,0.019014670961233222,-1.7091451422882507,0.01072859942835796,0.8726872986908456,1.7723348782109825,-1.9584851811779662,0.07633898481340938,0.05017310821575725,0.02780462427550412,52.0
AL.SHF,VRP,0.017392520562765277,0.6415406659878613,0.0074645915712342375,0.25175756702509633,2.3300029742805473,2.5482477987400856,0.019805993919309706,0.010826553745167783,0.07356450663958536,52.0
AL.SHF,KT,0.01990486202336149,-5.404284326426631,0.009935897480215283,2.1374295668906003,2.0033280398672355,-2.52840346654718,0.045142089720880886,0.011458259154030717,0.04000997408484852,52.0
AL.SHF,TSCALL,,,,,,,,,,
AL.SHF,TSPUT,,,,,,,,,,
AL.SHF,dTSCALL,,,,,,,,,,
AL.SHF,dTSPUT,,,,,,,,,,
AL.SHF,VOV,0.03370248695382383,-0.7385315272442097,0.01772322536627149,0.45090453395860397,1.9016000901259182,-1.6378888913811893,0.05722345615481163,0.10144487369171873,0.032430160480565906,52.0
AL.SHF,O_S,,,,,,,,,,
AL.SHF,betaVIX,-0.0126052702259352,-0.081613130135285,0.014076986644728373,0.13074540520573255,-0.8954523112129037,-0.6242141359144807,0.3705453476360753,0.5324869645704546,0.005252829849939911,23.0
AL.SHF,betaSkew,,,,,,,,,,
AL.SHF,betaVRP,0.006746041372033805,-0.010353593083206361,0.00725386451403179,0.012491484355913724,0.9299927451063281,-0.8288521034175381,0.35237484080486836,0.4071881008439455,0.008247113901448277,28.0
AL.SHF,betaIVSOTM,0.032204300717834575,-0.4604979800462401,0.07930713395959392,1.0637819776802702,0.40607066615523263,-0.4328875556346821,0.6846906783896713,0.6650964610886818,0.00679516484560061,23.0
AL.SHF,betaTSCALL,,,,,,,,,,
AL.SHF,betaTSPUT,,,,,,,,,,
AL.SHF,betaJump,-0.004826467356642146,0.000222010414178372,0.02141974106636205,0.00040940398814368626,-0.2253279972754534,0.5422771165102921,0.821724120964896,0.5876276173676767,0.004964608254885539,47.0
AL.SHF,betaVol,0.01601153622331952,0.04137238977009786,0.006859821715592884,0.020322112891173378,2.334103842221454,2.035831116166438,0.01959028516650553,0.04176731672965848,0.07528684962636756,46.0
AU.SHF,CIV,0.012014081010917211,-0.03811478754808324,0.0104333174301408,0.09572853479000908,1.1515111172798926,-0.39815492456551393,0.24952202427727144,0.6905159899908253,0.0024630999281728405,59.0
AU.SHF,PIV,0.013800373065752602,-0.0504930597756629,0.013078115173916566,0.11177930469069468,1.055226451383188,-0.4517210043073949,0.2913217693216068,0.6514699846763811,0.005169694928747082,59.0
AU.SHF,dCIV,0.007050568177153178,0.08500512082286205,0.0039404252845285995,0.0668501640064784,1.7892911724112668,1.2715768478088438,0.07356793498702342,0.20352350712460276,0.0196267148606597,58.0
AU.SHF,dPIV,0.007088781125415961,0.062444365382646846,0.003880937723125803,0.07996533352344398,1.8265639984829445,0.7808929523734133,0.06776535053472475,0.4348654574902866,0.008803840352132886,58.0
AU.SHF,IVS_ATM,0.010741572275193232,-0.22075704964136184,0.004142722479861647,0.06771781915408384,2.592877588930834,-3.259955095999997,0.009517664001486657,0.0011142985397875947,0.05317676941080818,59.0
AU.SHF,IVS_OTM,0.008174407619001848,-0.05175588650775809,0.003943082468646093,0.07850020236198196,2.073100850413771,-0.6593089565438334,0.038162894891165845,0.5096973921154977,0.003553873887492287,59.0
AU.SHF,dIVS_ATM,0.00701428854556283,-0.16317119199849142,0.004023054222786363,0.046691457395761506,1.7435232430709673,-3.494669070092114,0.08124225787853448,0.00047464987844858677,0.05661449248774342,58.0
AU.SHF,dIVS_OTM,0.007021627656946837,-0.1069812940678135,0.004105037051973107,0.04385066135819809,1.7104906893768124,-2.439673445148914,0.08717517367989178,0.014700543847602537,0.031862080583861974,58.0
AU.SHF,SKEW,0.010096807225647307,-0.021044187111232376,0.0041940230229470825,0.011070265851744211,2.4074277061436873,-1.9009649265032504,0.01606534260423561,0.057306606781486705,0.04220252009972569,59.0
AU.SHF,AVAR,0.007973079902858726,0.2992502123695414,0.0038917925566767765,0.6070811276979343,2.0486908761825124,0.49293282020527496,0.040492351936574966,0.6220600561684981,0.0013811595129108456,58.0
AU.SHF,VARQ,0.014790190453299757,-0.3862472408100347,0.007452470875353581,0.5210585665432919,1.9846022481232493,-0.7412741400115597,0.04718874203195754,0.4585272380468286,0.014258633103716556,58.0
AU.SHF,VAR_PLUS,0.014484455135644137,-0.7799766616074277,0.005947407313780989,0.857410618101718,2.435423432674872,-0.9096885962693968,0.014874372206185708,0.3629867599322899,0.016196690753372822,58.0
AU.SHF,VAR_MINUS,0.013251504080766049,-0.559294393785311,0.007012049503229155,0.9275300499642095,1.8898189573053543,-0.6029932871790972,0.05878217726854268,0.546513154909049,0.009032721462339244,58.0
AU.SHF,VRP,0.007222900487669735,-0.1664391997197768,0.004034527607164302,0.21945826919621858,1.790271672659691,-0.7584093337169392,0.07341024785948273,0.4482059719448067,0.005200851848504384,57.0
AU.SHF,KT,0.013339012926122934,-1.755199377002201,0.00764843483494016,3.093946602714872,1.744018640936397,-0.5673011213128407,0.08115583941706506,0.5705096153455962,0.008667213541393215,58.0
AU.SHF,TSCALL,0.011965886714598572,0.10466271199894563,0.00605906176734387,0.11247313989959977,1.9748745225028619,0.9305573943465418,0.048282389313710344,0.35208256218718936,0.009046220782866654,57.0
AU.SHF,TSPUT,0.008940899365204548,0.053906248952243975,0.005657358536835924,0.12159588656155368,1.580401755870516,0.4433229649175329,0.11401488972189724,0.6575321473093628,0.003949032293780741,57.0
AU.SHF,dTSCALL,0.0056779381512957125,0.08470966998982574,0.004195516586981779,0.08044480987045367,1.3533346927798409,1.053015976123756,0.17594873070682004,0.29233367002337907,0.012654295697034357,54.0
AU.SHF,dTSPUT,0.0057077184740228345,0.08019681773659583,0.004106838234154407,0.09891496500709009,1.3898084483958368,0.8107652641928088,0.16458705196609769,0.41750048582018773,0.012145404721328745,54.0
AU.SHF,VOV,0.004987154970945786,0.06125718358263164,0.0071108124245840305,0.1761640305808245,0.7013481263693333,0.3477280996617904,0.48308578630603805,0.7280443915881498,0.0013712893123244418,59.0
AU.SHF,O_S,,,,,,,,,,
AU.SHF,betaVIX,,,,,,,,,,
AU.SHF,betaSkew,,,,,,,,,,
AU.SHF,betaVRP,0.011219572706537334,-0.0077308225206119165,0.008157065939736577,0.04645816017591785,1.37544219814161,-0.16640397491718328,0.16899439410485573,0.8678390460355723,0.0004658150103723502,34.0
AU.SHF,betaIVSOTM,,,,,,,,,,
AU.SHF,betaTSCALL,,,,,,,,,,
AU.SHF,betaTSPUT,,,,,,,,,,
AU.SHF,betaJump,-0.005173066731152997,0.00020303891748702367,0.010221073985250713,0.00014174613180481668,-0.5061177268277162,1.4324124044993811,0.6127740068596208,0.15202583059286676,0.032301717927663454,47.0
AU.SHF,betaVol,0.011112950336701358,0.007122876181466771,0.00319556977838353,0.005391226456823754,3.4776115395367184,1.3211977345991917,0.0005059025168845594,0.18643544149133995,0.0183430420732843,46.0
CU.SHF,CIV,0.004620381877858807,0.007700969966159933,0.017261295683357786,0.12406261857639803,0.2676729466093022,0.06207325022256933,0.7889510756201821,0.9505044991376599,4.450172639824945e-05,59.0
CU.SHF,PIV,-3.03531152120141e-05,0.048625062933388495,0.03127631712246969,0.2454432206313965,-0.0009704823970533174,0.19811124873729144,0.9992256672004093,0.8429580240421308,0.001295296181353156,59.0
CU.SHF,dCIV,0.006910300398591634,-0.20836360840042037,0.006379413747654038,0.0970687663141382,1.0832187207065578,-2.1465566763886224,0.27871135217279386,0.031828592104549164,0.04344799299657798,58.0
CU.SHF,dPIV,0.006982084378384389,-0.09042239626081568,0.006430228249638634,0.15500839831845956,1.0858221679419806,-0.5833386915917026,0.2775576767951289,0.5596653208097188,0.006695412585543181,58.0
CU.SHF,IVS_ATM,0.005865632998348032,0.11198494751356436,0.006881466759178346,0.2248398042601933,0.852381215171109,0.4980654910372145,0.3940025427267735,0.6184378826458566,0.0025109985818364544,58.0
CU.SHF,IVS_OTM,0.005589942622377005,0.05968226526857375,0.006508724140493138,0.19521241592700053,0.8588384607668252,0.30572986346776154,0.39042964507779165,0.7598103335748094,0.0010971372200585527,59.0
CU.SHF,dIVS_ATM,0.007309090842745893,0.3406227324195996,0.007056081137754398,0.18722164398210406,1.0358569721708182,1.8193555252199296,0.3002688738062814,0.06885720730583454,0.03527958176091883,56.0
CU.SHF,dIVS_OTM,0.006939327525620773,0.21702102237022966,0.006339966028040188,0.1530450049173299,1.094537020376726,1.418020944149452,0.27371952012866263,0.15618465009968222,0.024393962089161114,58.0
CU.SHF,SKEW,0.005463818183880558,0.020778521325988612,0.0066353204670399615,0.03294891853963464,0.823444505961893,0.6306283255091933,0.41025526268068524,0.5282835736233146,0.008180138823839611,59.0
CU.SHF,AVAR,0.005702850434877091,-1.1881886859150117,0.006354654757333296,1.1356488512578442,0.8974288380176718,-1.0462641551558605,0.36949013011279885,0.2954390899503996,0.008962050840472968,59.0
CU.SHF,VARQ,-0.005393437136005914,0.5297966748696016,0.019205984317205174,0.7470848056377044,-0.28082065708938153,0.7091519876613904,0.778847958845269,0.47823016435337384,0.012597595980854304,59.0
CU.SHF,VAR_PLUS,-0.005205238840523483,1.0498128019071271,0.015346662969159455,1.1427350965152807,-0.3391772433514631,0.9186843084705143,0.7344762114349166,0.3582607196590808,0.016440481561750486,59.0
CU.SHF,VAR_MINUS,-0.0023635606305169666,0.7588464421928415,0.021525455057539732,1.7087580217243552,-0.10980305058354996,0.44409239491210606,0.912565571660536,0.6569757846487738,0.006160146659441534,59.0
CU.SHF,VRP,0.008568756993246619,0.12719946775564728,0.007856172804884693,0.26215353095065613,1.090703731455457,0.48520982072749347,0.27540326816747185,0.6275275164021167,0.0032745333263961562,58.0
CU.SHF,KT,-0.0050745210173016786,3.0393157928381322,0.01922955106341238,4.431986956116999,-0.26389180904783843,0.6857682170393775,0.7918632874285797,0.4928592815079632,0.011845322830432492,59.0
CU.SHF,TSCALL,-0.00990680148626764,-0.25177528271456195,0.012473086159913981,0.16563636214819255,-0.7942542334154743,-1.520048372526451,0.42704744167325837,0.12849881865287646,0.030455378071504113,57.0
CU.SHF,TSPUT,-0.013776235790848046,-0.28156604288685516,0.012903392662290961,0.1610552022779013,-1.067644467730405,-1.7482579817633708,0.28568091689809627,0.08041936555098583,0.03381785077459076,56.0
CU.SHF,dTSCALL,0.006614052988607626,-0.20883342450417286,0.006741141297842099,0.10923697788155774,0.9811473601250347,-1.9117466315353804,0.32652007833486163,0.05590870002025097,0.025525928158578015,54.0
CU.SHF,dTSPUT,0.006930673282034111,0.02067826008836744,0.0069941167110855644,0.1666647627507861,0.9909290291151567,0.12407097785443497,0.3217202363428119,0.9012590768951179,0.00019758763303356908,52.0
CU.SHF,VOV,-0.019762581287668602,0.6490854510022888,0.02422098056415493,0.5467800871038687,-0.815928208823866,1.187105138448441,0.4145411972362155,0.2351861517717624,0.025210430531035666,59.0
CU.SHF,O_S,,,,,,,,,,
CU.SHF,betaVIX,0.03324773468299294,0.47658510172825064,0.024266347513578555,0.3420173471854937,1.3701169763759764,1.393453009474908,0.17065038929548637,0.16348284537073998,0.04571517886652521,33.0
CU.SHF,betaSkew,,,,,,,,,,
CU.SHF,betaVRP,0.002845546233104619,-0.03471827849195347,0.004935069162662582,0.0188517321000652,0.576597032242884,-1.8416492610688753,0.5642117044789623,0.06552647045493032,0.06936945231599168,33.0
CU.SHF,betaIVSOTM,0.03803048371586486,-0.7541242501935754,0.02382445354584015,0.4568425243884537,1.5962793708024057,-1.6507312912760783,0.11042643373873758,0.09879345538837621,0.08578804605427337,33.0
CU.SHF,betaTSCALL,,,,,,,,,,
CU.SHF,betaTSPUT,,,,,,,,,,
CU.SHF,betaJump,0.0411668435887673,-0.0008205266299925773,0.044297380126216215,0.0009500918200356251,0.9293290815725648,-0.8636287700717289,0.35271856831877646,0.38779185437279506,0.02714017827559334,47.0
CU.SHF,betaVol,-0.0014701569256364894,0.021624883953557838,0.006210958935493423,0.01643553278166959,-0.23670369437399835,1.315739759752473,0.8128866687066965,0.18826140438150474,0.01857543726908839,46.0
RU.SHF,CIV,0.015532794101981943,-0.055016297390245154,0.01028677478772462,0.028211087207707312,1.5099770746918155,-1.9501657977653062,0.1310492740360067,0.05115636089931899,0.01783445927144356,58.0
RU.SHF,PIV,0.02206084180078544,-0.07683722912762642,0.015212140799460074,0.040543288458214005,1.4502128327374177,-1.8951898587806661,0.1469991775985768,0.05806725320735348,0.01725414935319558,58.0
RU.SHF,dCIV,0.00391136247768911,-0.03799135200459529,0.006970959457057479,0.016634301319599434,0.5610938496750547,-2.28391630490857,0.5747335606656543,0.022376450197069468,0.02217708229867732,56.0
RU.SHF,dPIV,0.004067811502163404,-0.06296317744528895,0.006895621215023114,0.019546186740903446,0.5899122610303891,-3.221251197479285,0.5552494735508295,0.0012763222709431346,0.029816634515102414,56.0
RU.SHF,IVS_ATM,0.0008844282327540597,0.2583546393502237,0.009880682281639526,0.09937580697296781,0.08951084626995053,2.599774001538435,0.9286759341089017,0.009328517311800306,0.07975022892267769,57.0
RU.SHF,IVS_OTM,0.003276155621900056,0.08077351899312772,0.010761530893537265,0.09574542350521627,0.3044321160540012,0.8436279880126817,0.7607987031190013,0.39887731943006155,0.009216861547015065,58.0
RU.SHF,dIVS_ATM,0.00469915125515764,0.13138974511154358,0.0073857320643014555,0.05645339814813352,0.6362471877189722,2.32740188228842,0.5246153212592141,0.019943885678987177,0.050326064913325363,54.0
RU.SHF,dIVS_OTM,0.003951343662635173,0.018452864678808776,0.007078802171322851,0.0666763546262544,0.558193825311658,0.2767527526398811,0.5767120368259581,0.7819699624840865,0.0013062502440273072,56.0
RU.SHF,SKEW,0.002364860390314957,0.01889544267336207,0.00933300159848151,0.00671385386747298,0.25338690509811146,2.81439588146325,0.7999692457731515,0.004886900541433428,0.02982863733367025,58.0
RU.SHF,AVAR,0.005874139104290723,0.6845716156859925,0.010277393554629637,0.8493602379087807,0.571559225893866,0.8059850051039402,0.5676206255111309,0.42025149518472493,0.01548080291408127,56.0
RU.SHF,VARQ,0.01464769919289954,-0.13372775956863805,0.010279958647531564,0.051721649390497025,1.424879194082825,-2.585527746012065,0.15419212486721887,0.009723004686893792,0.02913740559012612,56.0
RU.SHF,VAR_PLUS,0.016029015587020197,-0.35997262313426376,0.010307216435505388,0.15699176147564325,1.5551255460014268,-2.292939576896921,0.11991617194954331,0.021851483883490133,0.043589865333180766,56.0
RU.SHF,VAR_MINUS,0.013465376120907011,-0.19893121550478765,0.010295397526920385,0.06934134808473316,1.3079024958189105,-2.8688685899457758,0.19090638289543116,0.004119429091425896,0.019590410592201457,56.0
RU.SHF,VRP,0.010284158803845062,-0.0517114008013269,0.008807742920047214,0.05639302894159599,1.1676270410251635,-0.9169821478268587,0.24295723776949396,0.3591519949969315,0.005433762668715536,55.0
RU.SHF,KT,0.015308225707903977,-0.8021110789605074,0.010590860629639492,0.3127925514406073,1.4454184832781678,-2.5643547944677043,0.14834037478244758,0.010336782082032576,0.030440153650403645,56.0
RU.SHF,TSCALL,0.0002500821632901787,-0.025794040936857613,0.010174264095124421,0.028680894882032848,0.024579877321055564,-0.8993457506451897,0.9803900700220871,0.36846852540108177,0.003872549676231074,50.0
RU.SHF,TSPUT,0.0017348371401289218,-0.029916382000110285,0.00990373949571973,0.03746827842128277,0.175169908384474,-0.7984455988006417,0.8609461283547303,0.4246119507837107,0.002619817116992107,49.0
RU.SHF,dTSCALL,-0.005024855257702409,-0.043025288914541555,0.006435102708824274,0.02486524801811988,-0.7808508247757984,-1.7303382167428225,0.4348902373507548,0.08356986532554642,0.021885850647103355,42.0
RU.SHF,dTSPUT,-0.006248760865013157,-0.0784795842080108,0.00559547667970457,0.03697562917759972,-1.1167521951575856,-2.1224678512179223,0.26410029391807555,0.03379846962470602,0.0372736146721363,40.0
RU.SHF,VOV,-0.0007002016866698552,0.02969736688478884,0.011984047923346524,0.15466863319727844,-0.05842781096575631,0.19200639632542763,0.9534078626595648,0.8477371951054151,0.000465379269067312,57.0
RU.SHF,O_S,,,,,,,,,,
RU.SHF,betaVIX,,,,,,,,,,
RU.SHF,betaSkew,,,,,,,,,,
RU.SHF,betaVRP,0.0038557635083186566,0.29650272528495547,0.01502532418808463,0.16309328480382845,0.2566176582982716,1.8179946871607515,0.7974739420416989,0.0690649448058238,0.08281846782737556,13.0
RU.SHF,betaIVSOTM,,,,,,,,,,
RU.SHF,betaTSCALL,,,,,,,,,,
RU.SHF,betaTSPUT,,,,,,,,,,
RU.SHF,betaJump,-0.02956442792694197,0.0008360298554365129,0.024508715525217405,0.0006224436794068119,-1.206282226276716,1.3431413686026155,0.2277086884423135,0.17922620242488096,0.025290938247018002,47.0
RU.SHF,betaVol,-0.012503491262167757,0.05202411313220342,0.01246126809475708,0.038747237802887455,-1.00338835238032,1.3426534659543283,0.3156735217462162,0.17938420918432352,0.022556494458295218,46.0
ZN.SHF,CIV,0.005656666037682284,-0.021163623238849988,0.01161804832735857,0.06207532297443969,0.48688608261008665,-0.3409345650535621,0.6263390621717468,0.7331528428893794,0.0005370653698993921,52.0
ZN.SHF,PIV,0.019557597727169244,-0.15145392581388484,0.013897478650390102,0.10319607303020002,1.4072766880358016,-1.4676326469279728,0.15934535917691606,0.1422040350358482,0.015288047552548645,52.0
ZN.SHF,dCIV,0.0036466173713491177,-0.05588317117914912,0.005758730184680317,0.09979828811438371,0.6332328923918062,-0.5599612201273301,0.5265815690318778,0.5755058894097841,0.00456856644801884,51.0
ZN.SHF,dPIV,0.003639558056377045,-0.06562518721379564,0.005794820638746187,0.15537055251245874,0.6280708728138528,-0.42237854054444024,0.5299575129820061,0.6727487388043258,0.0040501674258930365,51.0
ZN.SHF,IVS_ATM,0.0017580678986817905,-0.10095147790867776,0.006233045389867444,0.12448016210262612,0.2820560077325506,-0.8109844669502404,0.7779005649453701,0.417374591005105,0.004641328917475374,52.0
ZN.SHF,IVS_OTM,0.0016674203713424526,-0.08340496682274645,0.006259533147422747,0.09539299113353734,0.26638094759973974,-0.8743301350724051,0.7899458369165921,0.3819384927189261,0.005216049453224403,52.0
ZN.SHF,dIVS_ATM,0.0036579540601961273,0.028384010637857483,0.005729075222694795,0.12853404003321467,0.6384894451561293,0.22082874412507947,0.523155122620458,0.8252257814578242,0.0004518970197154859,51.0
ZN.SHF,dIVS_OTM,0.0036576055794962387,0.017955238285573074,0.00573189353023782,0.09713171583824391,0.6381147102961772,0.18485453624101958,0.5233990114752689,0.853343131159812,0.0003004322427608841,51.0
ZN.SHF,SKEW,0.0019015737802347294,-0.010584885277383046,0.0060859964364506705,0.014590138797441686,0.3124506890680534,-0.7254821509469846,0.7546980328129015,0.46815629105322054,0.0043333302276422625,52.0
ZN.SHF,AVAR,0.0027746365072622557,-0.8825770618713422,0.005675834163906647,0.9059043789903949,0.4888508767409948,-0.9742496916230272,0.624947275677044,0.32993257714697555,0.005230711482758554,52.0
ZN.SHF,VARQ,0.009799492606891943,-0.3130748787986672,0.010304204860304124,0.3123879628703022,0.9510188063751981,-1.0021989193247187,0.3415948291723677,0.3162475296456744,0.004615969631651118,52.0
ZN.SHF,VAR_PLUS,0.0058791424198785065,-0.26616559357510655,0.009172719299583281,0.49385587740611003,0.640937788224436,-0.5389539858735587,0.5215631032714854,0.5899186050710561,0.0011734369757305796,52.0
ZN.SHF,VAR_MINUS,0.013798033805072168,-0.9994516680499538,0.011491586708835343,0.7748015706303019,1.2007074527370103,-1.289945330437184,0.2298647021468192,0.19706964028672225,0.010329639776999078,52.0
ZN.SHF,VRP,0.0015886785263763516,-0.054293013066472065,0.00895733554170353,0.19004373269785074,0.17736061343016438,-0.28568694318792487,0.8592251427319733,0.775117905928949,0.00122565977376754,52.0
ZN.SHF,KT,0.009958665274025318,-1.8935840050058002,0.010249361595445748,1.806802758552159,0.9716376167712143,-1.0480302822446326,0.3312308617058328,0.2946246551682137,0.004948620626022304,52.0
ZN.SHF,TSCALL,,,,,,,,,,
ZN.SHF,TSPUT,,,,,,,,,,
ZN.SHF,dTSCALL,,,,,,,,,,
ZN.SHF,dTSPUT,,,,,,,,,,
ZN.SHF,VOV,0.005967802822857065,-0.06794338743830658,0.021728301194851463,0.4072723359397075,0.27465574824925293,-0.1668254419528384,0.7835807318097352,0.867507399424748,0.00031166442708840947,52.0
ZN.SHF,O_S,,,,,,,,,,
ZN.SHF,betaVIX,0.05617308691598537,0.46500300948441553,0.03048454624000037,0.32688877141760025,1.8426742019954265,1.4225114171645081,0.06537659283606748,0.15487783947010744,0.04175073221387948,28.0
ZN.SHF,betaSkew,,,,,,,,,,
ZN.SHF,betaVRP,0.008855176686132558,-0.0025655865565055065,0.007930111985730681,0.05173215932610213,1.1166521610371232,-0.04959364909422999,0.26414307979640583,0.9604462076947217,9.331927067934842e-05,28.0
ZN.SHF,betaIVSOTM,0.02766537634949373,-0.3056207487945538,0.03973783045050539,0.5846840618546502,0.6961974530529982,-0.522710928403124,0.486305182495116,0.6011754320592497,0.003630359862603516,28.0
ZN.SHF,betaTSCALL,,,,,,,,,,
ZN.SHF,betaTSPUT,,,,,,,,,,
ZN.SHF,betaJump,-0.018975788290057246,0.000622252166609068,0.01736651462061204,0.0003700343450223103,-1.0926653220062468,1.6816065183666962,0.27454077083700745,0.09264516578509302,0.029995240671297774,47.0
ZN.SHF,betaVol,0.005757100800376505,0.05536489238877763,0.006047684856147709,0.04171451674343239,0.9519511907972826,1.3272332202552575,0.34112173616960106,0.1844315464639391,0.027749397689908473,46.0
